chlorides,free sulfur dioxide,total sulfur dioxide,fixed acidity,volatile acidity,citric acid,density
0.076,11,34,7.4,0.7,0,0.9978
0.098,25,67,7.8,0.88,0,0.9968
0.092,15,54,7.8,0.76,0.04,0.997
0.075,17,60,11.2,0.28,0.56,0.998
0.076,11,34,7.4,0.7,0,0.9978
0.075,13,40,7.4,0.66,0,0.9978
0.069,15,59,7.9,0.6,0.06,0.9964
0.065,15,21,7.3,0.65,0,0.9946
0.073,9,18,7.8,0.58,0.02,0.9968
0.071,17,102,7.5,0.5,0.36,0.9978
0.097,15,65,6.7,0.58,0.08,0.9959
0.071,17,102,7.5,0.5,0.36,0.9978
0.089,16,59,5.6,0.615,0,0.9943
0.114,9,29,7.8,0.61,0.29,0.9974
0.176,52,145,8.9,0.62,0.18,0.9986
0.17,51,148,8.9,0.62,0.19,0.9986
0.092,35,103,8.5,0.28,0.56,0.9969
0.368,16,56,8.1,0.56,0.28,0.9968
0.086,6,29,7.4,0.59,0.08,0.9974
0.341,17,56,7.9,0.32,0.51,0.9969
0.077,29,60,8.9,0.22,0.48,0.9968
0.082,23,71,7.6,0.39,0.31,0.9982
0.106,10,37,7.9,0.43,0.21,0.9966
0.084,9,67,8.5,0.49,0.11,0.9968
0.085,21,40,6.9,0.4,0.14,0.9968
0.08,11,23,6.3,0.39,0.16,0.9955
0.08,4,11,7.6,0.41,0.24,0.9962
0.106,10,37,7.9,0.43,0.21,0.9966
0.08,14,35,7.1,0.71,0,0.9972
0.082,8,16,7.8,0.645,0,0.9964
0.089,17,82,6.7,0.675,0.07,0.9958
0.105,22,37,6.9,0.685,0,0.9966
0.083,15,113,8.3,0.655,0.12,0.9966
0.073,40,83,6.9,0.605,0.12,0.9993
0.103,13,50,5.2,0.32,0.25,0.9957
0.086,5,18,7.8,0.645,0,0.9986
0.086,3,15,7.8,0.6,0.14,0.9975
0.066,13,30,8.1,0.38,0.28,0.9968
0.172,7,19,5.7,1.13,0.09,0.994
0.074,12,87,7.3,0.45,0.36,0.9978
0.074,12,87,7.3,0.45,0.36,0.9978
0.088,17,46,8.8,0.61,0.3,0.9976
0.332,8,14,7.5,0.49,0.2,0.9968
0.069,9,23,8.1,0.66,0.22,0.9968
0.05,5,11,6.8,0.67,0.02,0.9962
0.054,8,65,4.6,0.52,0.15,0.9934
0.114,22,114,7.7,0.935,0.43,0.997
0.113,12,37,8.7,0.29,0.52,0.9969
0.066,5,12,6.4,0.4,0.23,0.9958
0.074,12,96,5.6,0.31,0.37,0.9954
0.074,4,23,8.8,0.66,0.26,0.9971
0.069,8,15,6.6,0.52,0.04,0.9956
0.068,6,14,6.6,0.5,0.04,0.9955
0.081,30,119,8.6,0.38,0.36,0.997
0.11,33,73,7.6,0.51,0.15,0.9955
0.084,25,45,7.7,0.62,0.04,0.9978
0.07,4,10,10.2,0.42,0.57,0.9971
0.111,50,110,7.5,0.63,0.12,0.9983
0.076,17,54,7.8,0.59,0.18,0.9975
0.074,9,46,7.3,0.39,0.31,0.9962
0.079,19,52,8.8,0.4,0.4,0.998
0.115,20,112,7.7,0.69,0.49,0.9968
0.085,12,35,7.5,0.52,0.16,0.9968
0.081,13,54,7,0.735,0.05,0.9966
0.086,4,11,7.2,0.725,0.05,0.9962
0.086,4,11,7.2,0.725,0.05,0.9962
0.079,11,39,7.5,0.52,0.11,0.9968
0.076,6,15,6.6,0.705,0.07,0.9962
0.074,27,65,9.3,0.32,0.57,0.9969
0.074,8,19,8,0.705,0.05,0.9962
0.076,15,27,7.7,0.63,0.08,0.9967
0.088,17,96,7.7,0.67,0.23,0.9962
0.084,18,94,7.7,0.69,0.22,0.9961
0.084,11,43,8.3,0.675,0.26,0.9976
0.094,28,83,9.7,0.32,0.54,0.9984
0.093,9,42,8.8,0.41,0.64,0.9986
0.093,9,42,8.8,0.41,0.64,0.9986
0.104,14,30,6.8,0.785,0,0.9966
0.086,12,80,6.7,0.75,0.12,0.9958
0.08,27,119,8.3,0.625,0.2,0.9972
0.069,3,15,6.2,0.45,0.2,0.9958
0.464,22,67,7.8,0.43,0.7,0.9974
0.086,21,73,7.4,0.5,0.47,0.997
0.401,16,51,7.3,0.67,0.26,0.9969
0.069,18,61,6.3,0.3,0.48,0.9959
0.076,19,40,6.9,0.55,0.15,0.9961
0.11,20,136,8.6,0.49,0.28,0.9972
0.062,9,31,7.7,0.49,0.26,0.9966
0.107,34,125,9.3,0.39,0.44,0.9978
0.076,8,24,7,0.62,0.08,0.9978
0.079,42,140,7.9,0.52,0.26,0.9964
0.11,20,136,8.6,0.49,0.28,0.9972
0.11,19,133,8.6,0.49,0.29,0.9972
0.062,9,31,7.7,0.49,0.26,0.9966
0.045,41,85,5,1.02,0.04,0.9938
0.058,17,106,4.7,0.6,0.17,0.9932
0.102,8,23,6.8,0.775,0,0.9965
0.07,3,22,7,0.5,0.25,0.9963
0.079,5,10,7.6,0.9,0.06,0.9967
0.08,13,35,8.1,0.545,0.18,0.9972
0.084,11,50,8.3,0.61,0.3,0.9972
0.075,8,22,7.8,0.5,0.3,0.9959
0.08,13,35,8.1,0.545,0.18,0.9972
0.077,12,65,8.1,0.575,0.22,0.9967
0.07,5,36,7.2,0.49,0.24,0.996
0.077,12,65,8.1,0.575,0.22,0.9967
0.467,18,69,7.8,0.41,0.68,0.9973
0.088,15,64,6.2,0.63,0.31,0.9969
0.091,18,80,8,0.33,0.53,0.9976
0.122,37,153,8.1,0.785,0.52,0.9969
0.104,12,47,7.8,0.56,0.19,0.9964
0.084,11,108,8.4,0.62,0.09,0.9964
0.085,14,111,8.4,0.6,0.1,0.9964
0.08,22,46,10.1,0.31,0.44,0.9988
0.104,12,47,7.8,0.56,0.19,0.9964
0.09,13,62,9.4,0.4,0.31,0.9966
0.077,11,40,8.3,0.54,0.28,0.9978
0.082,7,28,7.8,0.56,0.12,0.997
0.119,14,56,8.8,0.55,0.04,0.9962
0.097,22,89,7,0.69,0.08,0.9959
0.178,10,89,7.3,1.07,0.09,0.9962
0.119,14,56,8.8,0.55,0.04,0.9962
0.075,3,13,7.3,0.695,0,0.998
0.08,11,34,8,0.71,0,0.9976
0.082,21,102,7.8,0.5,0.17,0.996
0.146,27,90,9,0.62,0.04,0.9984
0.081,3,12,8.2,1.33,0,0.9964
0.082,3,12,8.1,1.33,0,0.9964
0.065,3,16,8,0.59,0.16,0.9962
0.072,6,19,6.1,0.38,0.15,0.9955
0.118,30,134,8,0.745,0.56,0.9968
0.049,17,99,5.6,0.5,0.09,0.9937
0.049,17,99,5.6,0.5,0.09,0.9937
0.06,17,26,6.6,0.5,0.01,0.9952
0.084,13,29,7.9,1.04,0.05,0.9959
0.09,16,63,8.4,0.745,0.11,0.9965
0.089,10,52,8.3,0.715,0.15,0.9968
0.081,13,45,7.2,0.415,0.36,0.9972
0.081,15,105,7.8,0.56,0.19,0.9962
0.081,17,108,7.8,0.56,0.19,0.9962
0.09,16,63,8.4,0.745,0.11,0.9965
0.089,10,52,8.3,0.715,0.15,0.9968
0.05,27,63,5.2,0.34,0,0.9916
0.066,3,20,6.3,0.39,0.08,0.9954
0.05,27,63,5.2,0.34,0,0.9916
0.117,32,141,8.1,0.67,0.55,0.9968
0.087,21,94,5.8,0.68,0.02,0.9944
0.236,10,88,7.6,0.49,0.26,0.9968
0.074,12,30,6.9,0.49,0.1,0.9959
0.089,11,43,8.2,0.4,0.44,0.9975
0.077,5,11,7.3,0.33,0.47,0.9958
0.61,32,69,9.2,0.52,1,0.9996
0.095,25,99,7.5,0.6,0.03,0.995
0.095,25,99,7.5,0.6,0.03,0.995
0.07,29,129,7.1,0.43,0.42,0.9973
0.071,28,128,7.1,0.43,0.42,0.9973
0.07,29,129,7.1,0.43,0.42,0.9973
0.071,28,128,7.1,0.43,0.42,0.9973
0.073,12,22,7.1,0.68,0,0.9969
0.079,18,86,6.8,0.6,0.18,0.9968
0.09,7,20,7.6,0.95,0.03,0.9959
0.072,9,20,7.6,0.68,0.02,0.9965
0.076,17,31,7.8,0.53,0.04,0.9964
0.07,36,121,7.4,0.6,0.26,0.9982
0.07,35,121,7.3,0.59,0.26,0.9981
0.1,14,96,7.8,0.63,0.48,0.9961
0.085,18,101,6.8,0.64,0.1,0.9956
0.072,17,42,7.3,0.55,0.03,0.9956
0.089,11,44,6.8,0.63,0.07,0.9953
0.36,15,63,7.5,0.705,0.24,0.9964
0.058,4,8,7.9,0.885,0.03,0.9972
0.073,6,18,8,0.42,0.17,0.9972
0.073,6,18,8,0.42,0.17,0.9972
0.068,24,42,7.4,0.62,0.05,0.9961
0.08,7,35,7.3,0.38,0.21,0.9961
0.085,19,49,6.9,0.5,0.04,0.9958
0.08,7,35,7.3,0.38,0.21,0.9961
0.087,8,38,7.5,0.52,0.42,0.9972
0.068,7,20,7,0.805,0,0.9969
0.067,10,42,8.8,0.61,0.14,0.9969
0.067,10,42,8.8,0.61,0.14,0.9969
0.27,23,110,8.9,0.61,0.49,0.9972
0.076,16,42,7.2,0.73,0.02,0.9972
0.077,11,65,6.8,0.61,0.2,0.9971
0.079,8,62,6.7,0.62,0.21,0.997
0.111,26,85,8.9,0.31,0.57,0.9971
0.082,14,67,7.4,0.39,0.48,0.9972
0.084,9,26,7.7,0.705,0.1,0.9976
0.084,15,143,7.9,0.5,0.33,0.9968
0.082,17,144,7.9,0.49,0.32,0.9968
0.077,21,127,8.2,0.5,0.35,0.9976
0.074,21,49,6.4,0.37,0.25,0.9974
0.099,16,126,6.8,0.63,0.12,0.9969
0.071,7,28,7.6,0.55,0.21,0.9964
0.071,7,28,7.6,0.55,0.21,0.9964
0.074,24,120,7.8,0.59,0.33,0.9968
0.074,15,55,7.3,0.58,0.3,0.9968
0.067,12,27,11.5,0.3,0.6,0.9981
0.046,13,93,5.4,0.835,0.08,0.9924
0.061,12,31,6.9,1.09,0.06,0.9948
0.056,9,24,9.6,0.32,0.47,0.99695
0.097,39,145,8.8,0.37,0.48,0.9975
0.075,16,49,6.8,0.5,0.11,0.99545
0.088,16,39,7,0.42,0.35,0.9961
0.089,14,37,7,0.43,0.36,0.99615
0.095,9,28,12.8,0.3,0.74,0.9994
0.095,9,28,12.8,0.3,0.74,0.9994
0.069,26,120,7.8,0.57,0.31,0.99625
0.1,18,95,7.8,0.44,0.28,0.9966
0.054,7,19,11,0.3,0.58,0.998
0.039,5,19,9.7,0.53,0.6,0.99585
0.083,10,62,8,0.725,0.24,0.99685
0.059,5,15,11.6,0.44,0.64,0.998
0.06,28,65,8.2,0.57,0.26,0.9959
0.092,10,41,7.8,0.735,0.08,0.9974
0.06,26,121,7,0.49,0.49,0.9974
0.101,13,49,8.7,0.625,0.16,0.9962
0.072,11,41,8.1,0.725,0.22,0.9967
0.076,10,44,7.5,0.49,0.19,0.9957
0.08,24,144,7.8,0.53,0.33,0.99655
0.082,24,58,7.8,0.34,0.37,0.9964
0.101,16,72,7.4,0.53,0.26,0.9957
0.057,5,10,6.8,0.61,0.04,0.99525
0.083,8,28,8.6,0.645,0.25,0.99815
0.089,15,55,8.4,0.635,0.36,0.99745
0.073,29,63,7.7,0.43,0.25,0.99615
0.337,27,81,8.9,0.59,0.5,0.9964
0.089,9,23,9,0.82,0.14,0.9984
0.073,29,63,7.7,0.43,0.25,0.99615
0.081,10,37,6.9,0.52,0.25,0.99685
0.054,19,106,5.2,0.48,0.04,0.9927
0.078,12,49,8,0.38,0.06,0.99625
0.09,18,58,8.5,0.37,0.2,0.998
0.081,10,37,6.9,0.52,0.25,0.99685
0.065,7,37,8.2,1,0.09,0.99685
0.097,14,38,7.2,0.63,0,0.99675
0.097,14,38,7.2,0.63,0,0.99675
0.097,15,39,7.2,0.645,0,0.99675
0.097,14,38,7.2,0.63,0,0.99675
0.065,7,37,8.2,1,0.09,0.99685
0.263,5,62,8.9,0.635,0.37,0.9971
0.093,6,24,12,0.38,0.56,0.99925
0.102,28,109,7.7,0.58,0.1,0.99565
0.075,10,24,15,0.21,0.44,1.00005
0.075,10,24,15,0.21,0.44,1.00005
0.084,6,23,7.3,0.66,0,0.9983
0.075,16,51,7.1,0.68,0.07,0.99685
0.072,11,73,8.2,0.6,0.17,0.9963
0.074,9,39,7.7,0.53,0.06,0.99615
0.084,6,23,7.3,0.66,0,0.9983
0.063,16,37,10.8,0.32,0.44,0.9985
0.074,16,34,7.1,0.6,0,0.9972
0.09,5,21,11.1,0.35,0.48,0.9986
0.092,8,86,7.7,0.775,0.42,0.9959
0.074,16,34,7.1,0.6,0,0.9972
0.073,17,119,8,0.57,0.23,0.99675
0.075,5,13,9.4,0.34,0.37,0.998
0.075,12,56,6.6,0.695,0,0.9968
0.611,8,45,7.7,0.41,0.76,0.9968
0.085,14,33,10,0.31,0.47,0.99965
0.077,18,45,7.9,0.33,0.23,0.99625
0.087,12,67,7,0.975,0.04,0.99565
0.07,10,35,8,0.52,0.03,0.99575
0.077,23,49,7.9,0.37,0.23,0.9963
0.064,5,27,12.5,0.56,0.49,0.9999
0.071,6,10,11.8,0.26,0.52,0.9968
0.096,26,61,8.1,0.87,0,1.00025
0.078,15,37,7.9,0.35,0.46,0.9973
0.077,7,27,6.9,0.54,0.04,0.9987
0.104,4,23,11.5,0.18,0.51,0.9996
0.087,27,61,7.9,0.545,0.06,0.9965
0.104,4,23,11.5,0.18,0.51,0.9996
0.071,17,65,10.9,0.37,0.58,0.99935
0.076,10,38,8.4,0.715,0.2,0.99735
0.088,27,94,7.5,0.65,0.18,0.99915
0.087,27,61,7.9,0.545,0.06,0.9965
0.077,7,27,6.9,0.54,0.04,0.9987
0.104,4,23,11.5,0.18,0.51,0.9996
0.073,5,13,10.3,0.32,0.45,0.9976
0.087,10,47,8.9,0.4,0.32,0.9991
0.071,6,19,11.4,0.26,0.44,0.9986
0.358,5,10,7.7,0.27,0.68,0.9972
0.067,12,53,7.6,0.52,0.12,0.9971
0.087,10,47,8.9,0.4,0.32,0.9991
0.102,32,71,9.9,0.59,0.07,1.00015
0.102,32,71,9.9,0.59,0.07,1.00015
0.073,25,49,12,0.45,0.55,0.9997
0.092,29,53,7.5,0.4,0.12,0.9967
0.091,20,49,8.7,0.52,0.09,0.9976
0.105,33,98,11.6,0.42,0.53,1.001
0.091,20,49,8.7,0.52,0.09,0.9976
0.343,6,18,11,0.2,0.48,0.9979
0.091,18,48,10.4,0.55,0.23,0.9994
0.098,5,16,6.9,0.36,0.25,0.9964
0.094,17,53,13.3,0.34,0.52,1.0014
0.073,5,27,10.8,0.5,0.46,1.0001
0.086,26,70,10.6,0.83,0.37,0.9981
0.083,8,29,7.1,0.63,0.06,0.99855
0.094,5,31,7.2,0.65,0.02,0.9993
0.08,8,33,6.9,0.67,0.06,0.99845
0.086,20,44,7.5,0.53,0.06,0.9965
0.068,7,15,11.1,0.18,0.48,0.9973
0.092,12,28,8.3,0.705,0.12,0.9994
0.186,5,21,7.4,0.67,0.12,0.996
0.112,12,90,8.4,0.65,0.6,0.9973
0.063,6,25,10.3,0.53,0.48,0.9998
0.082,7,54,7.6,0.62,0.32,0.9966
0.213,6,14,10.3,0.41,0.42,0.9994
0.214,5,12,10.3,0.43,0.44,0.9994
0.062,9,30,7.4,0.29,0.38,0.9968
0.063,6,25,10.3,0.53,0.48,0.9998
0.072,15,105,7.9,0.53,0.24,0.996
0.093,19,98,9,0.46,0.31,0.99815
0.076,30,135,8.6,0.47,0.3,0.9976
0.087,26,72,7.4,0.36,0.29,0.99645
0.096,20,53,7.1,0.35,0.29,0.9962
0.102,37,92,9.6,0.56,0.23,0.9996
0.082,30,74,9.6,0.77,0.12,0.99865
0.083,21,59,9.8,0.66,0.39,0.9989
0.082,30,74,9.6,0.77,0.12,0.99865
0.083,21,59,9.8,0.66,0.39,0.9989
0.09,25,87,9.3,0.61,0.26,0.99975
0.079,6,18,7.8,0.62,0.05,0.99735
0.09,35,73,10.3,0.59,0.42,0.999
0.071,13,50,10,0.49,0.2,1.0015
0.071,13,50,10,0.49,0.2,1.0015
0.121,6,14,11.6,0.53,0.66,0.9978
0.107,5,13,10.3,0.44,0.5,0.998
0.082,6,21,13.4,0.27,0.62,1.0002
0.061,7,15,10.7,0.46,0.39,0.9981
0.122,10,41,10.2,0.36,0.64,0.998
0.122,10,41,10.2,0.36,0.64,0.998
0.066,21,114,8,0.58,0.28,0.9973
0.105,16,44,8.4,0.56,0.08,0.9958
0.078,17,38,7.9,0.65,0.01,0.9963
0.128,7,21,11.9,0.695,0.53,0.9992
0.052,6,16,8.9,0.43,0.45,0.9948
0.08,29,58,7.8,0.43,0.32,0.9974
0.103,28,99,12.4,0.49,0.58,1.0008
0.082,12,29,12.5,0.28,0.54,0.9997
0.066,10,21,12.2,0.34,0.5,1
0.065,5,18,10.6,0.42,0.48,0.9972
0.118,6,14,10.9,0.39,0.47,0.9982
0.118,6,14,10.9,0.39,0.47,0.9982
0.082,6,32,11.9,0.57,0.5,1.0006
0.067,40,63,7,0.685,0,0.9979
0.072,17,34,6.6,0.815,0.02,0.9955
0.093,6,15,13.8,0.49,0.67,0.9986
0.089,15,46,9.6,0.56,0.31,0.9979
0.093,11,28,9.1,0.785,0,0.9994
0.107,17,34,10.7,0.67,0.22,1.0004
0.096,11,26,9.1,0.795,0,0.9994
0.09,8,19,7.7,0.665,0,0.9974
0.12,23,77,13.5,0.53,0.79,1.0018
0.066,40.5,165,6.1,0.21,0.4,0.9912
0.078,17,32,6.7,0.75,0.01,0.9955
0.08,29,55,11.5,0.41,0.52,1.0001
0.116,12,29,10.5,0.42,0.66,0.997
0.109,10,23,11.9,0.43,0.66,1
0.088,10,41,12.6,0.38,0.66,1.001
0.099,14,81,8.2,0.7,0.23,0.9973
0.086,21,50,8.6,0.45,0.31,0.9982
0.072,6,37,11.9,0.58,0.66,0.9992
0.071,6,15,12.5,0.46,0.63,0.9988
0.083,7,42,12.8,0.615,0.66,1.0022
0.107,7,21,10,0.42,0.5,0.9979
0.083,7,42,12.8,0.615,0.66,1.0022
0.076,11,24,10.4,0.575,0.61,1
0.159,15,75,10.3,0.34,0.52,0.9998
0.074,6,18,9.4,0.27,0.53,0.9962
0.063,35,63,6.9,0.765,0.02,0.9975
0.056,11,25,7.9,0.24,0.4,0.9967
0.067,26,46,9.1,0.28,0.48,0.9967
0.106,12,72,7.4,0.55,0.22,0.9959
0.089,6,47,14,0.41,0.63,1.0014
0.124,6,15,11.5,0.54,0.71,0.9984
0.078,19,47,11.5,0.45,0.5,1.0003
0.074,6,18,9.4,0.27,0.53,0.9962
0.088,6,24,11.4,0.625,0.66,0.9988
0.094,24,60,8.3,0.42,0.38,0.9979
0.08,11,27,8.3,0.26,0.42,0.9974
0.085,17,43,13.7,0.415,0.68,1.0014
0.08,11,27,8.3,0.26,0.42,0.9974
0.08,11,27,8.3,0.26,0.42,0.9974
0.087,23,54,7.7,0.51,0.28,0.998
0.09,11,37,7.4,0.63,0.07,0.9979
0.088,23,48,7.8,0.54,0.26,0.9981
0.079,17,42,8.3,0.66,0.15,0.9972
0.088,23,53,7.8,0.46,0.26,0.9981
0.096,16,49,9.6,0.38,0.31,0.9982
0.045,12,88,5.6,0.85,0.05,0.9924
0.085,17,43,13.7,0.415,0.68,1.0014
0.082,6,26,9.5,0.37,0.52,0.998
0.112,13,95,8.4,0.665,0.61,0.997
0.063,6,25,12.7,0.6,0.65,0.9997
0.066,7,38,12,0.37,0.76,1.0004
0.122,68,124,6.6,0.735,0.02,0.9994
0.087,13,49,11.5,0.59,0.59,0.9988
0.087,13,49,11.5,0.59,0.59,0.9988
0.064,9,42,8.7,0.765,0.22,0.9963
0.122,68,124,6.6,0.735,0.02,0.9994
0.059,20,38,7.7,0.26,0.3,0.9949
0.085,19,64,12.2,0.48,0.54,1
0.085,10,41,11.4,0.6,0.49,0.9994
0.075,15,27,7.7,0.69,0.05,0.9974
0.059,11,25,8.7,0.31,0.46,0.9966
0.063,9,28,9.8,0.44,0.47,0.9981
0.093,12,30,12,0.39,0.66,0.9996
0.174,6,16,10.4,0.34,0.58,0.997
0.07,26,49,12.5,0.46,0.49,0.9981
0.08,26,86,9,0.43,0.34,0.9987
0.08,23,78,9.1,0.45,0.35,0.9987
0.1,15,77,7.1,0.735,0.16,0.9966
0.097,6,19,9.9,0.4,0.53,0.9986
0.087,24,122,8.8,0.52,0.34,0.9982
0.117,31,134,8.6,0.725,0.24,1.0014
0.111,6,20,10.6,0.48,0.64,0.997
0.091,34,124,7,0.58,0.12,0.9956
0.121,7,20,11.9,0.38,0.51,0.9996
0.066,34,52,6.8,0.77,0,0.9976
0.089,35,67,9.5,0.56,0.33,0.9972
0.059,32,48,6.6,0.84,0.03,0.9952
0.047,15,60,7.7,0.96,0.2,0.9955
0.066,6,24,10.5,0.24,0.47,0.9978
0.047,15,60,7.7,0.96,0.2,0.9955
0.059,32,48,6.6,0.84,0.03,0.9952
0.045,19,48,6.4,0.67,0.08,0.9949
0.077,6,32,9.5,0.78,0.22,0.9988
0.07,9,30,9.1,0.52,0.33,0.9978
0.088,13,35,12.8,0.84,0.63,0.9997
0.066,6,24,10.5,0.24,0.47,0.9978
0.074,21,66,7.8,0.55,0.35,0.9974
0.078,12,24,11.9,0.37,0.69,0.9958
0.091,6,18,12.3,0.39,0.63,1.0004
0.076,22,54,10.4,0.41,0.55,0.9996
0.091,6,18,12.3,0.39,0.63,1.0004
0.06,38,62,8,0.67,0.3,0.9958
0.066,6,22,11.1,0.45,0.73,0.9986
0.076,22,54,10.4,0.41,0.55,0.9996
0.062,7,50,7,0.62,0.18,0.9951
0.072,6,29,12.6,0.31,0.72,0.9987
0.068,7,27,11.9,0.4,0.65,0.9988
0.1,6,43,15.6,0.685,0.76,1.0032
0.077,11,19,10,0.44,0.49,0.9963
0.054,5,27,5.3,0.57,0.01,0.9934
0.079,6,31,9.5,0.735,0.1,0.9986
0.081,31,72,12.5,0.38,0.6,0.9996
0.127,6,16,9.3,0.48,0.29,0.9968
0.1,7,27,8.6,0.53,0.22,0.9967
0.095,17,35,11.9,0.39,0.69,0.9994
0.095,17,35,11.9,0.39,0.69,0.9994
0.413,9,26,8.4,0.37,0.53,0.9979
0.084,18,35,6.8,0.56,0.03,0.9968
0.084,5,22,10.4,0.33,0.63,0.9998
0.063,21,67,7,0.23,0.4,0.9952
0.086,6,19,11.3,0.62,0.67,0.9988
0.095,5,22,8.9,0.59,0.39,0.9986
0.097,29,65,9.2,0.63,0.21,0.9988
0.084,5,22,10.4,0.33,0.63,0.9998
0.074,10,47,11.6,0.58,0.66,1.0008
0.083,14,23,9.2,0.43,0.52,0.9976
0.087,6,19,8.3,0.615,0.22,0.9982
0.085,10,25,11,0.26,0.68,0.997
0.098,25,129,8.1,0.66,0.7,0.9972
0.084,5,15,11.5,0.315,0.54,0.9987
0.098,10,26,10,0.29,0.4,1.0006
0.069,21,51,10.3,0.5,0.42,0.9982
0.065,7,18,8.8,0.46,0.45,0.9947
0.09,6,21,11.4,0.36,0.69,1
0.07,36,48,8.7,0.82,0.02,0.9952
0.093,15,47,13,0.32,0.65,0.9996
0.081,25,52,9.6,0.54,0.42,0.997
0.083,25,68,12.5,0.37,0.55,0.9995
0.062,5,14,9.9,0.35,0.55,0.9971
0.08,10,24,10.5,0.28,0.51,0.9982
0.087,5,28,9.6,0.68,0.24,0.9988
0.091,6,16,9.3,0.27,0.41,0.998
0.075,6,20,10.4,0.24,0.49,0.9977
0.087,5,28,9.6,0.68,0.24,0.9988
0.077,6,31,9.4,0.685,0.11,0.9984
0.069,6,23,10.6,0.28,0.39,1.0026
0.08,6,17,9.4,0.3,0.56,0.9964
0.152,6,18,10.6,0.36,0.59,0.9986
0.152,7,18,10.6,0.36,0.6,0.9986
0.114,6,24,10.6,0.44,0.68,0.997
0.054,6,17,10.2,0.67,0.39,0.9976
0.054,6,17,10.2,0.67,0.39,0.9976
0.053,5,14,10.2,0.645,0.36,0.9982
0.081,35,67,11.6,0.32,0.55,1.0002
0.073,10,26,9.3,0.39,0.4,0.9984
0.078,24,56,9.3,0.775,0.27,0.9984
0.055,12,25,9.2,0.41,0.5,0.9952
0.052,13,27,8.9,0.4,0.51,0.995
0.086,23,81,8.7,0.69,0.31,1.0002
0.051,28,91,6.5,0.39,0.23,0.9952
0.07,5,16,10.7,0.35,0.53,0.9972
0.081,14,38,7.8,0.52,0.25,0.9984
0.09,43,113,7.2,0.34,0.32,0.9966
0.07,5,16,10.7,0.35,0.53,0.9972
0.086,23,81,8.7,0.69,0.31,1.0002
0.081,14,38,7.8,0.52,0.25,0.9984
0.074,38,76,10.4,0.44,0.73,0.999
0.074,38,76,10.4,0.44,0.73,0.999
0.078,6,24,10.5,0.26,0.47,0.9976
0.077,6,22,10.5,0.24,0.42,0.9976
0.072,10,26,10.2,0.49,0.63,0.9968
0.075,6,21,10.4,0.24,0.46,0.9976
0.084,6,13,11.2,0.67,0.55,1
0.09,26,62,10,0.59,0.31,0.9994
0.084,23,43,13.3,0.29,0.75,0.9986
0.073,19,43,12.4,0.42,0.49,0.9978
0.09,26,62,10,0.59,0.31,0.9994
0.125,15,49,10.7,0.4,0.48,0.998
0.107,6,15,10.5,0.51,0.64,0.9973
0.107,6,15,10.5,0.51,0.64,0.9973
0.122,34,151,8.5,0.655,0.49,1.001
0.1,5,14,12.5,0.6,0.49,1.001
0.2,5,16,10.4,0.61,0.49,0.9994
0.088,11,32,10.9,0.21,0.49,0.9972
0.088,39,106,7.3,0.365,0.49,0.9966
0.088,15,33,9.8,0.25,0.49,0.9982
0.088,16,43,7.6,0.41,0.49,0.998
0.099,47,133,8.2,0.39,0.49,0.9979
0.085,38,142,9.3,0.4,0.49,0.9978
0.086,23,116,9.2,0.43,0.49,0.9976
0.105,29,53,10.4,0.64,0.24,0.9998
0.088,39,106,7.3,0.365,0.49,0.9966
0.097,33,85,7,0.38,0.49,0.9962
0.084,32,55,8.2,0.42,0.49,0.9988
0.077,6,33,9.9,0.63,0.24,0.9974
0.078,1,28,9.1,0.22,0.24,0.999
0.098,12,42,11.9,0.38,0.49,1.0004
0.098,12,42,11.9,0.38,0.49,1.0004
0.072,15,33,10.3,0.27,0.24,0.9956
0.102,13,32,10,0.48,0.24,1
0.078,1,28,9.1,0.22,0.24,0.999
0.077,6,33,9.9,0.63,0.24,0.9974
0.084,5,13,8.1,0.825,0.24,0.9972
0.066,5,35,12.9,0.35,0.49,1.0014
0.1,5,17,11.2,0.5,0.74,0.9996
0.101,20,47,9.2,0.59,0.24,0.9988
0.064,5,17,9.5,0.46,0.49,0.9988
0.07,5,20,9.3,0.715,0.24,0.9966
0.085,16,53,11.2,0.66,0.24,0.9993
0.075,6,15,14.3,0.31,0.74,1.0008
0.094,38,106,9.1,0.47,0.49,0.9982
0.078,10,28,7.5,0.55,0.24,0.9983
0.067,6,21,10.6,0.31,0.49,0.9987
0.079,27,69,12.4,0.35,0.49,0.9994
0.171,6,25,9,0.53,0.49,0.9975
0.074,9,25,6.8,0.51,0.01,0.9958
0.092,14,45,9.4,0.43,0.24,0.998
0.092,14,44,9.5,0.46,0.24,0.998
0.05,32,96,5,1.04,0.24,0.9934
0.095,10,23,15.5,0.645,0.49,1.00315
0.095,10,23,15.5,0.645,0.49,1.00315
0.118,10,17,10.9,0.53,0.49,1.0002
0.095,10,23,15.6,0.645,0.49,1.00315
0.118,10,17,10.9,0.53,0.49,1.0002
0.085,6,47,13,0.47,0.49,1.0021
0.075,5,19,12.7,0.6,0.49,0.9994
0.078,26,121,9,0.44,0.49,0.9978
0.094,41,110,9,0.54,0.49,0.9982
0.092,25,60,7.6,0.29,0.49,0.9971
0.085,6,47,13,0.47,0.49,1.0021
0.075,5,19,12.7,0.6,0.49,0.9994
0.226,5,15,8.7,0.7,0.24,0.9991
0.226,5,15,8.7,0.7,0.24,0.9991
0.25,5,20,9.8,0.5,0.49,0.999
0.095,19,42,6.2,0.36,0.24,0.9946
0.07,10,37,11.5,0.35,0.49,1.0003
0.095,19,42,6.2,0.36,0.24,0.9946
0.075,10,28,10.2,0.24,0.49,0.9978
0.07,14,47,10.5,0.59,0.49,0.9991
0.078,20,78,10.6,0.34,0.49,0.9992
0.079,28,46,12.3,0.27,0.49,0.9993
0.103,6,14,9.9,0.5,0.24,0.9978
0.083,18,111,8.8,0.44,0.49,0.9982
0.085,17,110,8.8,0.47,0.49,0.9982
0.063,18,40,10.6,0.31,0.49,0.9976
0.089,5,14,12.3,0.5,0.49,1.0002
0.089,5,14,12.3,0.5,0.49,1.0002
0.083,5,15,11.7,0.49,0.49,1
0.074,10,21,12,0.28,0.49,0.9976
0.093,54,80,11.8,0.33,0.49,1.0002
0.091,8,38,7.6,0.51,0.24,0.998
0.094,16,47,11.1,0.31,0.49,0.9986
0.108,18,102,7.3,0.73,0.24,0.9967
0.06,19,50,5,0.42,0.24,0.9917
0.059,5,13,10.2,0.29,0.49,0.9976
0.084,21,75,9,0.45,0.49,0.9987
0.07,23,149,6.6,0.39,0.49,0.9922
0.084,21,75,9,0.45,0.49,0.9987
0.094,9,43,9.9,0.49,0.58,1.0004
0.096,20,38,7.9,0.72,0.17,0.9978
0.086,30,109,8.9,0.595,0.41,0.9998
0.059,6,24,12.4,0.4,0.51,0.9994
0.071,5,18,11.9,0.58,0.58,0.998
0.078,5,30,8.5,0.585,0.18,0.9967
0.082,11,22,12.7,0.59,0.45,1
0.088,7,23,8.2,0.915,0.27,0.9962
0.071,12,35,13.2,0.46,0.52,1.0006
0.081,6,14,7.7,0.835,0,0.9975
0.071,12,35,13.2,0.46,0.52,1.0006
0.096,14,63,8.3,0.58,0.13,0.9984
0.085,6,24,8.3,0.6,0.13,0.9984
0.072,10,20,9.4,0.41,0.48,0.9973
0.092,26,52,8.8,0.48,0.41,0.9982
0.11,11,65,10.1,0.65,0.37,1.0026
0.075,15,39,6.3,0.36,0.19,0.9956
0.083,25,57,8.8,0.24,0.54,0.9983
0.081,5,16,13.2,0.38,0.55,1.0006
0.077,18,29,7.5,0.64,0,0.9965
0.058,10,29,8.2,0.39,0.38,0.9962
0.148,10,103,9.2,0.755,0.18,0.9969
0.079,28,71,9.6,0.6,0.5,0.9997
0.079,28,71,9.6,0.6,0.5,0.9997
0.079,14,28,11.5,0.31,0.51,0.9982
0.122,4,17,11.4,0.46,0.5,1.0006
0.088,6,16,11.3,0.37,0.41,0.9988
0.076,16,112,8.3,0.54,0.24,0.9976
0.078,14,104,8.2,0.56,0.23,0.9976
0.08,9,32,10,0.58,0.22,0.9974
0.077,21,45,7.9,0.51,0.25,0.9974
0.124,21,58,6.8,0.69,0,0.9997
0.124,21,58,6.8,0.69,0,0.9997
0.098,5,15,8.8,0.6,0.29,0.9988
0.098,5,15,8.8,0.6,0.29,0.9988
0.097,7,31,8.7,0.54,0.26,0.9976
0.111,20,84,7.6,0.685,0.23,0.9964
0.097,7,31,8.7,0.54,0.26,0.9976
0.105,5,19,10.4,0.28,0.54,0.9988
0.087,21,43,7.6,0.41,0.14,0.9964
0.105,11,86,10.1,0.935,0.22,1.001
0.073,46,102,7.9,0.35,0.21,0.9964
0.065,24,33,8.7,0.84,0,0.9954
0.086,30,147,9.6,0.88,0.28,0.9979
0.084,31,145,9.5,0.885,0.27,0.9978
0.143,7,23,7.7,0.915,0.12,0.9964
0.067,25,57,8.9,0.29,0.35,0.997
0.071,16,40,9.9,0.54,0.45,0.9991
0.071,21,68,9.5,0.59,0.44,0.9992
0.071,16,40,9.9,0.54,0.45,0.9991
0.071,21,68,9.5,0.59,0.44,0.9992
0.071,16,40,9.9,0.54,0.45,0.9991
0.115,5,11,7.8,0.64,0.1,0.9984
0.107,6,20,7.3,0.67,0.05,0.9972
0.07,5,14,8.3,0.845,0.01,0.9967
0.066,10,28,8.7,0.48,0.3,0.9964
0.068,24,148,6.7,0.42,0.27,0.9948
0.106,8,32,10.7,0.43,0.39,0.9986
0.104,35,155,9.8,0.88,0.25,1.001
0.096,22,71,15.9,0.36,0.65,0.9976
0.079,9,30,9.4,0.33,0.59,0.9976
0.074,7,29,8.6,0.47,0.47,0.9979
0.087,20,53,9.7,0.55,0.17,1.0004
0.106,8,32,10.7,0.43,0.39,0.9986
0.073,23,42,12,0.5,0.59,0.998
0.074,5,20,7.2,0.52,0.07,0.9973
0.096,5,13,7.1,0.84,0.02,0.997
0.074,5,20,7.2,0.52,0.07,0.9973
0.08,15,42,7.5,0.42,0.31,0.9978
0.076,9,27,7.2,0.57,0.06,0.9972
0.05,5,13,10.1,0.28,0.46,0.9974
0.092,15,54,12.1,0.4,0.52,1
0.084,25,48,9.4,0.59,0.14,0.9981
0.222,6,16,8.3,0.49,0.36,0.998
0.082,6,15,11.3,0.34,0.45,0.9988
0.059,15,31,10,0.73,0.43,0.9966
0.082,6,15,11.3,0.34,0.45,0.9988
0.083,30,45,6.9,0.4,0.24,0.9959
0.074,5,13,8.2,0.73,0.21,0.9968
0.079,32,151,9.8,1.24,0.34,0.998
0.074,5,13,8.2,0.73,0.21,0.9968
0.084,7,17,10.8,0.4,0.41,0.9984
0.064,12,31,9.3,0.41,0.39,0.9984
0.084,7,17,10.8,0.4,0.41,0.9984
0.084,12,31,8.6,0.8,0.11,0.9979
0.081,45,87,8.3,0.78,0.1,0.9983
0.06,20,49,10.8,0.26,0.45,0.9972
0.07,15,40,13.3,0.43,0.58,1.0004
0.094,16,29,8,0.45,0.23,0.9962
0.078,32,58,8.5,0.46,0.31,0.998
0.059,5,15,8.1,0.78,0.23,0.997
0.078,35,152,9.8,0.98,0.32,0.998
0.059,5,15,8.1,0.78,0.23,0.997
0.07,13,40,7.1,0.65,0.18,0.997
0.095,13,38,9.1,0.64,0.23,0.9998
0.039,4,9,7.7,0.66,0.04,0.9962
0.157,5,17,8.1,0.38,0.48,0.9976
0.097,5,14,7.4,1.185,0,0.9966
0.087,12,93,9.2,0.92,0.24,0.9998
0.422,16,62,8.6,0.49,0.51,0.9979
0.084,21,122,9,0.48,0.32,0.9984
0.084,24,125,9,0.47,0.31,0.9984
0.034,18,44,5.1,0.47,0.02,0.9921
0.066,8,25,7,0.65,0.02,0.9972
0.066,8,25,7,0.65,0.02,0.9972
0.087,18,72,9.4,0.615,0.28,1.0001
0.071,5,19,11.8,0.38,0.55,0.9986
0.076,26,88,10.6,1.02,0.43,0.9984
0.066,8,25,7,0.65,0.02,0.9972
0.067,9,23,7,0.64,0.02,0.997
0.073,22,84,7.5,0.38,0.48,0.9972
0.078,4,14,9.1,0.765,0.04,0.998
0.073,11,54,8.4,1.035,0.15,0.999
0.093,10,19,7,0.78,0.08,0.9956
0.077,16,37,7.4,0.49,0.19,0.9966
0.068,11,35,7.8,0.545,0.12,0.996
0.062,13,33,9.7,0.31,0.47,0.9983
0.08,21,84,10.6,1.025,0.43,0.9985
0.093,16,112,8.9,0.565,0.34,0.9998
0.084,13,33,8.7,0.69,0,0.9992
0.075,10,48,8,0.43,0.36,0.9976
0.078,21,77,9.9,0.74,0.28,0.998
0.069,13,34,7.2,0.49,0.18,0.9967
0.075,10,48,8,0.43,0.36,0.9976
0.079,12,49,7.6,0.46,0.11,0.9968
0.082,10,22,8.4,0.56,0.04,0.9976
0.086,17,45,7.1,0.66,0,0.9976
0.082,10,22,8.4,0.56,0.04,0.9976
0.094,35,106,8.9,0.48,0.24,0.9982
0.084,15,48,7.6,0.42,0.08,0.9968
0.053,36,127,7.1,0.31,0.3,0.9965
0.086,5,12,7.5,1.115,0.1,0.9958
0.077,5,13,9,0.66,0.17,0.9976
0.084,18,49,8.1,0.72,0.09,0.9994
0.067,4,11,6.4,0.57,0.02,0.997
0.067,4,11,6.4,0.57,0.02,0.997
0.071,27,58,6.4,0.865,0.03,0.995
0.387,12,37,9.5,0.55,0.66,0.9982
0.088,4,14,8.9,0.875,0.13,0.9994
0.092,10,19,7.3,0.835,0.03,0.9966
0.082,16,72,7,0.45,0.34,0.998
0.075,9,39,7.7,0.56,0.2,0.9987
0.112,11,22,7.7,0.965,0.1,0.9963
0.112,11,22,7.7,0.965,0.1,0.9963
0.093,19,58,8.2,0.59,0,1.0002
0.092,28,104,9,0.46,0.23,0.9983
0.088,19,38,9,0.69,0,0.999
0.075,12,16,8.3,0.76,0.29,0.9965
0.078,28,139,9.2,0.53,0.24,0.99788
0.065,9,18,6.5,0.615,0,0.9972
0.096,25,101,11.6,0.41,0.58,1.00024
0.095,21,101,11.1,0.39,0.54,1.0001
0.07,12,28,7.3,0.51,0.18,0.99768
0.08,12,57,8.2,0.34,0.38,0.9978
0.083,16,68,8.6,0.33,0.4,0.99782
0.071,12,31,7.2,0.5,0.18,0.99761
0.07,12,28,7.3,0.51,0.18,0.99768
0.089,17,40,8.3,0.65,0.1,0.99803
0.089,17,40,8.3,0.65,0.1,0.99803
0.097,24,66,7.6,0.54,0.13,0.99785
0.089,17,40,8.3,0.65,0.1,0.99803
0.415,14,32,7.8,0.48,0.68,0.99656
0.058,22,47,7.8,0.91,0.07,0.99525
0.057,15,33,6.3,0.98,0.01,0.99488
0.084,10,31,8.1,0.87,0,0.99656
0.084,10,31,8.1,0.87,0,0.99656
0.092,33,88,8.8,0.42,0.21,0.99823
0.075,9,104,9,0.58,0.25,0.99779
0.096,5,35,9.3,0.655,0.26,0.99738
0.069,8,19,8.8,0.7,0,0.99701
0.096,5,35,9.3,0.655,0.26,0.99738
0.093,11,44,9.1,0.68,0.11,0.99888
0.091,12,48,9.2,0.67,0.1,0.99888
0.089,12,74,8.8,0.59,0.18,0.99738
0.103,13,98,7.5,0.6,0.32,0.99938
0.082,24,94,7.1,0.59,0.02,0.99744
0.076,7,32,7.9,0.72,0.01,0.99668
0.082,24,94,7.1,0.59,0.02,0.99744
0.082,23,143,9.4,0.685,0.26,0.9978
0.082,23,144,9.5,0.57,0.27,0.99782
0.157,1,44,7.9,0.4,0.29,0.9973
0.157,2,45,7.9,0.4,0.3,0.99727
0.102,7,16,7.2,1,0,0.99586
0.243,5.5,48,6.9,0.765,0.18,0.99612
0.241,6,18,6.9,0.635,0.17,0.9961
0.079,7,34,8.3,0.43,0.3,0.99788
0.076,21,92,7.1,0.52,0.03,0.99745
0.19,12,45,7,0.57,0,0.99676
0.114,9,37,6.5,0.46,0.14,0.99732
0.081,26,96,9,0.82,0.05,0.99814
0.114,9,37,6.5,0.46,0.14,0.99732
0.077,20,85,7.1,0.59,0.01,0.99746
0.083,11,61,9.9,0.35,0.41,0.9982
0.083,11,61,9.9,0.35,0.41,0.9982
0.079,19,58,10,0.56,0.24,0.9991
0.079,19,58,10,0.56,0.24,0.9991
0.099,21,119,8.6,0.63,0.17,0.998
0.082,18,82,7.4,0.37,0.43,0.99708
0.084,25,130,8.8,0.64,0.17,0.99818
0.081,17,87,7.1,0.61,0.02,0.99745
0.055,7,13,7.7,0.6,0,0.99639
0.065,7,26,10.1,0.27,0.54,0.99531
0.132,7,60,10.8,0.89,0.3,0.99786
0.126,24,64,8.7,0.46,0.31,0.99746
0.038,21,42,9.3,0.37,0.44,0.99526
0.082,5,14,9.4,0.5,0.34,0.9987
0.082,5,14,9.4,0.5,0.34,0.9987
0.082,26,108,7.2,0.61,0.08,0.99641
0.068,8,17,8.6,0.55,0.09,0.99735
0.044,14,86,5.1,0.585,0,0.99264
0.114,14,46,7.7,0.56,0.08,0.9971
0.084,4,18,8.4,0.52,0.22,0.99682
0.052,4,10,8.2,0.28,0.4,0.99356
0.041,4,10,8.4,0.25,0.39,0.99386
0.052,4,10,8.2,0.28,0.4,0.99356
0.165,4,12,7.4,0.53,0.12,0.99702
0.07,4,15,7.6,0.48,0.31,0.99693
0.068,4,14,7.3,0.49,0.1,0.99562
0.072,7,24,12.9,0.5,0.55,1.00012
0.099,20,38,10.8,0.45,0.33,0.99818
0.102,4,7,6.9,0.39,0.24,0.99462
0.103,19,41,12.6,0.41,0.54,0.99939
0.099,20,38,10.8,0.45,0.33,0.99818
0.081,8,30,9.8,0.51,0.19,0.9984
0.084,19,27,10.8,0.29,0.42,0.99545
0.071,21,47,7.1,0.715,0,0.99632
0.097,9,59,9.1,0.66,0.15,0.99976
0.099,9,22,7,0.685,0,0.99606
0.048,16,42,4.9,0.42,0,0.99154
0.076,15,36,6.7,0.54,0.13,0.9973
0.076,15,36,6.7,0.54,0.13,0.9973
0.068,6,16,7.1,0.48,0.28,0.99682
0.076,15,37,7.1,0.46,0.14,0.99624
0.05,4,8,7.5,0.27,0.34,0.9951
0.076,15,37,7.1,0.46,0.14,0.99624
0.065,34,45,7.8,0.57,0.09,0.99417
0.071,16,24,5.9,0.61,0.08,0.99376
0.058,5,9,7.5,0.685,0.07,0.99632
0.071,16,24,5.9,0.61,0.08,0.99376
0.145,34,48,10.4,0.44,0.42,0.99832
0.147,36,51,11.6,0.47,0.44,0.99836
0.088,16,23,8.8,0.685,0.26,0.99694
0.066,27,55,7.6,0.665,0.1,0.99655
0.012,36,100,6.7,0.28,0.28,0.99064
0.012,36,100,6.7,0.28,0.28,0.99064
0.075,9,28,10.1,0.31,0.35,0.99672
0.092,13,26,6,0.5,0.04,0.99647
0.085,9,34,11.1,0.42,0.47,0.99736
0.115,21,31,6.6,0.66,0,0.99629
0.119,34,68,10.6,0.5,0.45,0.99708
0.088,9,92,7.1,0.685,0.35,0.9963
0.062,26,42,9.9,0.25,0.46,0.9959
0.081,14,31,6.4,0.64,0.21,0.99689
0.081,14,31,6.4,0.64,0.21,0.99689
0.078,12,39,7.4,0.68,0.16,0.9977
0.081,14,31,6.4,0.64,0.21,0.99689
0.08,12,32,6.4,0.63,0.21,0.99689
0.085,9,22,9.3,0.43,0.44,0.99708
0.085,9,22,9.3,0.43,0.44,0.99708
0.08,26,122,8,0.42,0.32,0.99801
0.08,41,55,9.3,0.36,0.39,0.99652
0.08,41,55,9.3,0.36,0.39,0.99652
0.071,10,14,7.6,0.735,0.02,0.99538
0.08,41,55,9.3,0.36,0.39,0.99652
0.073,16,47,8.2,0.26,0.34,0.99594
0.054,17,32,11.7,0.28,0.47,0.99686
0.074,15,24,6.8,0.56,0.22,0.99438
0.077,15,85,7.2,0.62,0.06,0.99746
0.039,15,88,5.8,1.01,0.66,0.99357
0.067,7,25,7.5,0.42,0.32,0.99628
0.078,17,84,7.2,0.62,0.06,0.99746
0.077,15,85,7.2,0.62,0.06,0.99746
0.077,16,86,7.2,0.635,0.07,0.99748
0.071,13,24,6.8,0.49,0.22,0.99438
0.072,13,22,6.9,0.51,0.23,0.99438
0.074,15,24,6.8,0.56,0.22,0.99438
0.08,27,43,7.6,0.63,0.03,0.99578
0.064,31,43,7.7,0.715,0.01,0.99371
0.086,36,46,6.9,0.56,0.03,0.99522
0.067,28,48,7.3,0.35,0.24,0.99576
0.067,6,10,9.1,0.21,0.37,0.99552
0.104,6,10,10.4,0.38,0.46,0.99664
0.109,7,16,8.8,0.31,0.4,0.99614
0.067,7,14,7.1,0.47,0,0.99517
0.064,31,43,7.7,0.715,0.01,0.99371
0.094,30,69,8.8,0.61,0.19,0.99787
0.076,18,88,7.2,0.6,0.04,0.99745
0.078,10,21,9.2,0.56,0.18,0.99576
0.068,30,35,7.6,0.715,0,0.99533
0.194,14,26,8.4,0.31,0.29,0.99536
0.076,18,88,7.2,0.6,0.04,0.99745
0.094,30,69,8.8,0.61,0.19,0.99787
0.086,9,30,8.9,0.75,0.14,0.99824
0.083,8,28,9,0.8,0.12,0.99836
0.066,29,56,10.7,0.52,0.38,0.99577
0.072,32,64,6.8,0.57,0,0.99491
0.112,23,99,10.7,0.9,0.34,1.00289
0.071,30,52,7.2,0.34,0.24,0.99576
0.078,16,86,7.2,0.66,0.03,0.99743
0.082,10,18,10.1,0.45,0.23,0.99774
0.078,16,86,7.2,0.66,0.03,0.99743
0.08,17,88,7.2,0.63,0.03,0.99745
0.08,27,43,7.1,0.59,0.01,0.9955
0.078,17,43,8.3,0.31,0.39,0.99444
0.08,27,43,7.1,0.59,0.01,0.9955
0.078,17,43,8.3,0.31,0.39,0.99444
0.084,6,11,8.3,1.02,0.02,0.99892
0.056,10,39,8.9,0.31,0.36,0.99562
0.08,16,33,7.4,0.635,0.1,0.99736
0.08,16,33,7.4,0.635,0.1,0.99736
0.06,11,18,6.8,0.59,0.06,0.9962
0.06,11,18,6.8,0.59,0.06,0.9962
0.081,15,115,9.2,0.58,0.2,0.998
0.084,12,78,7.2,0.54,0.27,0.9964
0.079,6,9,6.1,0.56,0,0.9948
0.078,34,61,7.4,0.52,0.13,0.99528
0.059,7,11,7.3,0.305,0.39,0.99331
0.132,3,11,9.3,0.38,0.48,0.99577
0.114,3,9,9.1,0.28,0.46,0.99901
0.065,4,8,10,0.46,0.44,0.99674
0.094,3,10,9.4,0.395,0.46,0.99639
0.059,7,11,7.3,0.305,0.39,0.99331
0.079,3,6,8.6,0.315,0.4,0.99512
0.161,7,62,5.3,0.715,0.19,0.99395
0.084,26,45,6.8,0.41,0.31,0.99824
0.081,32,79,8.4,0.36,0.32,0.9964
0.072,38,46,8.4,0.62,0.12,0.99504
0.091,10,23,9.6,0.41,0.37,0.99786
0.081,32,79,8.4,0.36,0.32,0.9964
0.072,38,46,8.4,0.62,0.12,0.99504
0.084,26,45,6.8,0.41,0.31,0.99824
0.055,14,28,8.6,0.47,0.27,0.99516
0.064,53,77,8.6,0.22,0.36,0.99604
0.061,52,73,9.4,0.24,0.33,0.99786
0.093,11,75,8.4,0.67,0.19,0.99736
0.055,14,28,8.6,0.47,0.27,0.99516
0.063,10,19,8.7,0.33,0.38,0.99468
0.08,8,25,6.6,0.61,0.01,0.99746
0.074,13,38,7.4,0.61,0.01,0.99748
0.078,29,66,7.6,0.4,0.29,0.9971
0.074,13,38,7.4,0.61,0.01,0.99748
0.08,8,25,6.6,0.61,0.01,0.99746
0.06,19,72,8.8,0.3,0.38,0.99543
0.06,19,72,8.8,0.3,0.38,0.99543
0.071,6,26,12,0.63,0.5,0.99791
0.068,23,42,7.2,0.38,0.38,0.99356
0.073,7,11,6.2,0.46,0.17,0.99425
0.074,13,25,9.6,0.33,0.52,0.99509
0.082,9,17,9.9,0.27,0.49,0.99484
0.092,13,52,10.1,0.43,0.4,0.99834
0.094,10,45,9.8,0.5,0.34,0.99864
0.09,11,24,8.3,0.3,0.49,0.99498
0.071,7,20,10.2,0.44,0.42,0.99566
0.092,11,24,10.2,0.44,0.58,0.99745
0.093,6,12,8.3,0.28,0.48,0.99408
0.075,10,21,8.9,0.12,0.45,0.99552
0.075,10,21,8.9,0.12,0.45,0.99552
0.075,10,21,8.9,0.12,0.45,0.99552
0.093,6,12,8.3,0.28,0.48,0.99408
0.058,6,10,8.2,0.31,0.4,0.99536
0.052,5,9,10.2,0.34,0.48,0.99458
0.082,6,11,7.6,0.43,0.4,0.99538
0.09,9,23,8.5,0.21,0.52,0.99648
0.111,5,10,9,0.36,0.52,0.99568
0.088,12,51,9.5,0.37,0.52,0.99613
0.12,25,36,6.4,0.57,0.12,0.99519
0.089,12,32,8,0.59,0.05,0.99735
0.058,18,38,8.5,0.47,0.27,0.99518
0.078,7,18,7.1,0.56,0.14,0.99592
0.115,6,16,6.6,0.57,0.02,0.99654
0.1,20,27,8.8,0.27,0.39,0.99546
0.058,18,38,8.5,0.47,0.27,0.99518
0.065,24,48,8.3,0.34,0.4,0.99554
0.103,6,10,9,0.38,0.41,0.99604
0.097,23,113,8.5,0.66,0.2,0.99733
0.068,29,46,9,0.4,0.43,0.9943
0.079,7,22,6.7,0.56,0.09,0.99669
0.066,6,10,10.4,0.26,0.48,0.99724
0.066,6,10,10.4,0.26,0.48,0.99724
0.104,6,13,10.1,0.38,0.5,0.99643
0.079,6,12,8.5,0.34,0.44,0.99605
0.073,7,13,8.8,0.33,0.41,0.99658
0.083,35,72,7.2,0.41,0.3,0.997
0.083,35,72,7.2,0.41,0.3,0.997
0.109,31,119,8.4,0.59,0.29,0.99801
0.061,9,29,7,0.4,0.32,0.99416
0.075,3,6,12.2,0.45,0.49,0.9969
0.065,8,17,9.1,0.5,0.3,0.99774
0.079,13,28,9.5,0.86,0.26,0.99712
0.07,51,70,7.3,0.52,0.32,0.99418
0.065,8,17,9.1,0.5,0.3,0.99774
0.075,3,6,12.2,0.45,0.49,0.9969
0.064,7,11,7.4,0.58,0,0.99562
0.066,3,7,9.8,0.34,0.39,0.9947
0.08,35,70,7.1,0.36,0.3,0.99693
0.097,19,27,7.7,0.39,0.12,0.99596
0.073,14,21,9.7,0.295,0.4,0.99556
0.097,19,27,7.7,0.39,0.12,0.99596
0.082,31,68,7.1,0.34,0.28,0.99694
0.076,30,47,6.5,0.4,0.1,0.99554
0.082,31,68,7.1,0.34,0.28,0.99694
0.092,20,88,10,0.35,0.45,0.99918
0.079,19,41,7.7,0.6,0.06,0.99697
0.087,3,11,5.6,0.66,0,0.99378
0.087,3,11,5.6,0.66,0,0.99378
0.05,4,10,8.9,0.84,0.34,0.99554
0.055,7,12,6.4,0.69,0,0.99162
0.062,6,12,7.5,0.43,0.3,0.99495
0.058,31,47,9.9,0.35,0.38,0.99676
0.063,13,27,9.1,0.29,0.33,0.99516
0.067,4,8,6.8,0.36,0.32,0.9928
0.081,27,45,8.2,0.43,0.29,0.99603
0.067,4,8,6.8,0.36,0.32,0.9928
0.063,13,27,9.1,0.29,0.33,0.99516
0.064,12,25,9.1,0.3,0.34,0.99516
0.11,12,24,8.9,0.35,0.4,0.99549
0.116,26,55,9.6,0.5,0.36,0.99722
0.067,7,12,8.9,0.28,0.45,0.99354
0.088,12,19,8.9,0.32,0.31,0.9957
0.102,11,32,7.7,1.005,0.15,0.99604
0.092,22,31,7.5,0.71,0,0.99635
0.12,3,7,8,0.58,0.16,0.99454
0.075,14,27,10.5,0.39,0.46,0.99598
0.068,12,28,8.9,0.38,0.4,0.99486
0.049,36,109,8,0.18,0.37,0.99007
0.049,36,109,8,0.18,0.37,0.99007
0.078,10,23,7,0.5,0.14,0.99636
0.123,3,8,11.3,0.36,0.66,0.99642
0.123,3,8,11.3,0.36,0.66,0.99642
0.062,4,9,7,0.51,0.09,0.99584
0.098,3,9,8.2,0.32,0.42,0.99506
0.088,12,18,7.7,0.58,0.01,0.99568
0.095,17,43,8.6,0.83,0,0.99822
0.066,14,36,7.9,0.31,0.32,0.99364
0.065,28,52,6.4,0.795,0,0.99378
0.075,41,68,7.2,0.34,0.21,0.99586
0.088,12,18,7.7,0.58,0.01,0.99568
0.091,9,14,7.1,0.59,0,0.99488
0.093,9,15,7.3,0.55,0.01,0.99514
0.095,5,14,8.1,0.82,0,0.99854
0.089,14,27,7.5,0.57,0.08,0.99592
0.077,15,48,8.9,0.745,0.18,0.99739
0.085,5,17,10.1,0.37,0.34,0.99683
0.082,26,35,7.6,0.31,0.34,0.99356
0.074,20,56,7.3,0.91,0.1,0.99672
0.078,25,42,8.7,0.41,0.41,0.9953
0.088,21,39,8.9,0.5,0.21,0.99692
0.088,16,32,7.4,0.965,0,0.99756
0.079,13,26,6.9,0.49,0.19,0.99547
0.088,21,39,8.9,0.5,0.21,0.99692
0.069,18,39,9.5,0.39,0.41,0.99859
0.046,12,53,6.4,0.39,0.33,0.99294
0.07,32,38,6.9,0.44,0,0.99438
0.076,33,45,7.6,0.78,0,0.99612
0.082,27,51,7.1,0.43,0.17,0.99634
0.081,3,14,9.3,0.49,0.36,0.99702
0.084,6,17,9.3,0.5,0.36,0.99704
0.082,27,51,7.1,0.43,0.17,0.99634
0.414,16,45,8.5,0.46,0.59,0.99702
0.073,19,25,5.6,0.605,0.05,0.99258
0.07,9,20,8.3,0.33,0.42,0.99426
0.095,5,77,8.2,0.64,0.27,0.99747
0.095,5,77,8.2,0.64,0.27,0.99747
0.101,3,10,8.9,0.48,0.53,0.99586
0.104,28,90,7.6,0.42,0.25,0.99784
0.093,30,52,9.9,0.53,0.57,0.9971
0.101,3,10,8.9,0.48,0.53,0.99586
0.074,3,8,11.6,0.23,0.57,0.9981
0.071,7,16,9.1,0.4,0.5,0.99462
0.098,6,15,8,0.38,0.44,0.9956
0.075,6,17,10.2,0.29,0.65,0.99565
0.067,5,10,8.2,0.74,0.09,0.99418
0.083,6,20,7.7,0.61,0.18,0.9963
0.07,13,26,6.6,0.52,0.08,0.99358
0.06,3,10,11.1,0.31,0.53,0.99572
0.06,3,10,11.1,0.31,0.53,0.99572
0.086,28,52,8,0.62,0.35,0.997
0.057,19,37,9.3,0.33,0.45,0.99498
0.098,30,92,7.5,0.77,0.2,0.99892
0.083,33,75,7.2,0.35,0.26,0.9968
0.088,16,37,8,0.62,0.33,0.9972
0.098,30,92,7.5,0.77,0.2,0.99892
0.071,45,67,9.1,0.25,0.34,0.99769
0.073,3,8,9.9,0.32,0.56,0.99534
0.08,3,8,8.6,0.37,0.65,0.99817
0.08,3,8,8.6,0.37,0.65,0.99817
0.05,37.5,278,7.9,0.3,0.68,0.99316
0.047,3,8,10.3,0.27,0.56,0.99471
0.05,37.5,289,7.9,0.3,0.68,0.99316
0.073,31,70,7.2,0.38,0.3,0.99685
0.072,32,59,8.7,0.42,0.45,0.99617
0.073,31,70,7.2,0.38,0.3,0.99685
0.074,40,64,6.8,0.48,0.08,0.99529
0.055,3,9,8.5,0.34,0.4,0.99738
0.057,18,30,7.9,0.19,0.42,0.994
0.095,22,41,11.6,0.41,0.54,0.99735
0.095,22,41,11.6,0.41,0.54,0.99735
0.083,42,74,10,0.26,0.54,0.99451
0.086,8,19,7.9,0.34,0.42,0.99546
0.081,10,16,7,0.54,0.09,0.99479
0.079,11,31,9.2,0.31,0.36,0.99615
0.117,9,17,6.6,0.725,0.09,0.99655
0.087,6,20,9.4,0.4,0.47,0.99772
0.117,9,17,6.6,0.725,0.09,0.99655
0.096,5,18,8.6,0.52,0.38,0.99666
0.216,5,16,8,0.31,0.45,0.99358
0.096,5,18,8.6,0.52,0.38,0.99666
0.072,23,36,8.4,0.34,0.42,0.99392
0.071,14,25,7.4,0.49,0.27,0.99388
0.078,18,30,6.1,0.48,0.09,0.99402
0.071,14,25,7.4,0.49,0.27,0.99388
0.073,16,25,8,0.48,0.34,0.9936
0.048,13,49,6.3,0.57,0.28,0.99374
0.069,9,17,8.2,0.23,0.42,0.99376
0.068,10,24,9.1,0.3,0.41,0.99523
0.09,4,13,8.1,0.78,0.1,0.99855
0.171,27,66,10.8,0.47,0.43,0.9982
0.07,6,14,8.3,0.53,0,0.99593
0.092,23,55,5.4,0.42,0.27,0.99471
0.056,6,35,7.9,0.33,0.41,0.99396
0.074,3,10,8.9,0.24,0.39,0.99698
0.046,29,80,5,0.4,0.5,0.9902
0.091,15,21,7,0.69,0.07,0.99572
0.091,15,21,7,0.69,0.07,0.99572
0.091,15,21,7,0.69,0.07,0.99572
0.065,14,24,7.1,0.39,0.12,0.99252
0.066,7,15,5.6,0.66,0,0.99256
0.076,8,17,7.9,0.54,0.34,0.99235
0.062,21,28,6.6,0.5,0,0.99352
0.055,27,33,6.3,0.47,0,0.9922
0.081,17,29,10.7,0.4,0.37,0.99674
0.096,3,13,6.5,0.58,0,0.99557
0.055,13,27,8.8,0.24,0.35,0.99394
0.063,3,11,5.8,0.29,0.26,0.9915
0.072,26,52,6.3,0.76,0,0.99379
0.095,28,89,10,0.43,0.33,0.9984
0.092,24,70,10.5,0.43,0.35,0.99798
0.058,5,10,9.1,0.6,0,0.9977
0.045,57,135,5.9,0.19,0.21,0.99341
0.075,18,38,7.4,0.36,0.34,0.9933
0.089,10,18,7.2,0.48,0.07,0.99684
0.061,6,15,8.5,0.28,0.35,0.99524
0.067,22,50,8,0.25,0.43,0.9946
0.08,6,13,10.4,0.52,0.45,0.99774
0.08,6,13,10.4,0.52,0.45,0.99774
0.104,29,94,7.5,0.41,0.15,0.99786
0.079,16,86,8.2,0.51,0.24,0.99764
0.08,33,79,7.3,0.4,0.3,0.9969
0.08,24,71,8.2,0.38,0.32,0.99624
0.043,6,12,6.9,0.45,0.11,0.99354
0.065,16,20,7,0.22,0.3,0.99672
0.066,35,70,7.3,0.32,0.23,0.99588
0.076,31,51,8.2,0.2,0.43,0.99672
0.178,6,21,7.8,0.5,0.12,0.996
0.071,6,14,10,0.41,0.45,0.99702
0.086,9,21,7.8,0.39,0.42,0.99526
0.061,6,11,10,0.35,0.47,0.99585
0.067,4,12,8.2,0.33,0.32,0.99473
0.044,16,70,6.1,0.58,0.23,0.99352
0.118,9,38,8.3,0.6,0.25,0.99616
0.083,17,38,9.6,0.42,0.35,0.99622
0.1,50,63,6.6,0.58,0,0.99544
0.118,9,38,8.3,0.6,0.25,0.99616
0.071,45,88,8.5,0.18,0.51,0.99524
0.042,16,101,5.1,0.51,0.18,0.9924
0.076,22,54,6.7,0.41,0.43,0.99572
0.11,11,37,10.2,0.41,0.43,0.99728
0.087,6,20,10.6,0.36,0.57,0.99676
0.076,12,21,8.8,0.45,0.43,0.99551
0.075,12,19,8.5,0.32,0.42,0.99434
0.078,10,21,9,0.785,0.24,0.99692
0.078,10,21,9,0.785,0.24,0.99692
0.369,15,38,8.5,0.44,0.5,0.99634
0.111,7,60,9.9,0.54,0.26,0.99709
0.074,29,48,8.2,0.33,0.39,0.99528
0.067,8,44,6.5,0.34,0.27,0.99384
0.086,5,14,7.6,0.5,0.29,0.99502
0.062,5,12,9.2,0.36,0.34,0.99667
0.078,26,44,7.1,0.59,0,0.99522
0.074,5,16,9.7,0.42,0.46,0.99649
0.079,26,65,7.6,0.36,0.31,0.99716
0.079,26,65,7.6,0.36,0.31,0.99716
0.095,48,59,6.5,0.61,0,0.99541
0.079,23,47,6.5,0.88,0.03,0.99572
0.052,6,11,7.1,0.66,0,0.99318
0.041,17,78,5.6,0.915,0,0.99346
0.076,11,47,8.2,0.35,0.33,0.99599
0.076,11,47,8.2,0.35,0.33,0.99599
0.068,5,11,9.8,0.39,0.43,0.99478
0.068,41,54,10.2,0.4,0.4,0.99754
0.07,16,61,6.8,0.66,0.07,0.99572
0.08,11,119,6.7,0.64,0.23,0.99538
0.085,6,39,7,0.43,0.3,0.99346
0.079,6,12,6.6,0.8,0.03,0.9963
0.085,6,39,7,0.43,0.3,0.99346
0.08,11,119,6.7,0.64,0.23,0.99538
0.075,5,19,8.8,0.955,0.05,0.99616
0.08,6,20,9.1,0.4,0.57,0.99652
0.166,6,12,6.5,0.885,0,0.99551
0.063,11,41,7.2,0.25,0.37,0.99439
0.166,6,12,6.4,0.885,0,0.99551
0.114,15,64,7,0.745,0.12,0.99588
0.078,21,56,6.2,0.43,0.22,0.99633
0.076,23,94,7.9,0.58,0.23,0.99686
0.069,4,9,7.7,0.57,0.21,0.99458
0.052,19,77,7.7,0.26,0.26,0.9951
0.076,23,94,7.9,0.58,0.23,0.99686
0.069,4,9,7.7,0.57,0.21,0.99458
0.065,5,10,7.9,0.34,0.36,0.99419
0.068,6,12,8.6,0.42,0.39,0.99516
0.111,33,76,9.9,0.74,0.19,0.99878
0.074,24,44,7.2,0.36,0.46,0.99534
0.074,24,44,7.2,0.36,0.46,0.99534
0.074,24,44,7.2,0.36,0.46,0.99534
0.136,24,52,9.9,0.72,0.55,0.99752
0.074,24,44,7.2,0.36,0.46,0.99534
0.071,14,24,6.2,0.39,0.43,0.99428
0.078,8,15,6.8,0.65,0.02,0.99498
0.076,22,53,6.6,0.44,0.15,0.9957
0.078,8,15,6.8,0.65,0.02,0.99498
0.071,5,13,9.6,0.38,0.42,0.99659
0.081,6,9,10.2,0.33,0.46,0.99628
0.095,20,29,8.8,0.27,0.46,0.99488
0.079,10,79,7.9,0.57,0.31,0.99677
0.057,43,74,8.2,0.34,0.37,0.99408
0.082,8,24,8.2,0.4,0.31,0.996
0.044,25,50,9,0.39,0.4,0.99478
0.132,17,44,10.9,0.32,0.52,0.99734
0.132,17,44,10.9,0.32,0.52,0.99734
0.078,33,89,8.1,0.53,0.22,0.99678
0.074,9,23,10.5,0.36,0.47,0.99638
0.08,8,20,12.6,0.39,0.49,0.9992
0.091,18,77,9.2,0.46,0.23,0.99922
0.08,27,46,7.5,0.58,0.03,0.99592
0.104,8,21,9,0.58,0.25,0.99769
0.044,18,88,5.1,0.42,0,0.99157
0.075,19,66,7.6,0.43,0.29,0.99718
0.066,15,58,7.7,0.18,0.34,0.9947
0.074,48,90,7.8,0.815,0.01,0.99621
0.075,19,66,7.6,0.43,0.29,0.99718
0.057,14,36,10.2,0.23,0.37,0.99614
0.059,11,18,7.1,0.75,0.01,0.99242
0.054,6,113,6,0.33,0.32,0.99572
0.07,7,17,7.8,0.55,0,0.99659
0.059,11,18,7.1,0.75,0.01,0.99242
0.081,12,24,8.1,0.73,0,0.99798
0.057,11,20,6.5,0.67,0,0.99488
0.076,36,60,7.5,0.61,0.2,0.99494
0.079,28,65,9.8,0.37,0.39,0.99729
0.058,15,40,9,0.4,0.41,0.99414
0.082,10,86,8.3,0.56,0.22,0.9983
0.067,72,160,5.9,0.29,0.25,0.99721
0.082,15,34,7.4,0.55,0.19,0.99655
0.086,15,48,7.4,0.74,0.07,0.99502
0.082,15,34,7.4,0.55,0.19,0.99655
0.081,22,36,6.9,0.41,0.33,0.9949
0.079,24,37,7.1,0.6,0.01,0.99514
0.079,24,37,7.1,0.6,0.01,0.99514
0.077,27,60,7.5,0.58,0.14,0.9963
0.123,6,14,7.1,0.72,0,0.99627
0.096,6,13,7.9,0.66,0,0.99569
0.079,20,35,7.8,0.7,0.06,0.99628
0.069,26,46,6.1,0.64,0.02,0.99358
0.082,43,60,7.5,0.59,0.22,0.99499
0.085,12,69,7,0.58,0.28,0.99633
0.123,15,33,6.8,0.64,0,0.99538
0.123,15,33,6.8,0.64,0,0.99538
0.403,19,56,8.6,0.635,0.68,0.99632
0.083,17,24,6.3,1.02,0,0.99437
0.081,34,66,9.8,0.45,0.38,0.99726
0.089,13,26,8.2,0.78,0,0.9978
0.066,26,51,8.5,0.37,0.32,0.99456
0.081,16,36,7.2,0.57,0.05,0.99564
0.081,16,36,7.2,0.57,0.05,0.99564
0.068,13,19,10.4,0.43,0.5,0.996
0.079,21,51,6.9,0.41,0.31,0.99668
0.044,28,87,5.5,0.49,0.03,0.9908
0.048,26,60,5,0.38,0.01,0.99084
0.049,24,64,7.3,0.44,0.2,0.9935
0.077,25,44,5.9,0.46,0,0.99385
0.073,34,44,7.5,0.58,0.2,0.99494
0.102,17,36,7.8,0.58,0.13,0.9944
0.075,13,81,8,0.715,0.22,0.99688
0.05,3,10,8.5,0.4,0.4,0.99566
0.114,3,10,7,0.69,0,0.99636
0.075,13,81,8,0.715,0.22,0.99688
0.062,3,9,9.8,0.3,0.39,0.9948
0.077,28,54,7.1,0.46,0.2,0.9956
0.077,28,54,7.1,0.46,0.2,0.9956
0.084,9,22,7.9,0.765,0,0.99619
0.096,17,69,8.7,0.63,0.28,0.99734
0.071,18,36,7,0.42,0.19,0.99476
0.09,20,47,11.3,0.37,0.5,0.99734
0.068,17,31,7.1,0.16,0.44,0.99328
0.056,3,7,8,0.6,0.08,0.99286
0.068,20,110,7,0.6,0.3,0.99914
0.068,20,110,7,0.6,0.3,0.99914
0.1,6,12,7.6,0.74,0,0.99521
0.073,25,60,8.2,0.635,0.1,0.99638
0.056,14,28,5.9,0.395,0.13,0.99362
0.084,6,12,7.5,0.755,0,0.99672
0.073,25,60,8.2,0.635,0.1,0.99638
0.093,51,77.5,6.6,0.63,0,0.99558
0.093,51,77.5,6.6,0.63,0,0.99558
0.064,15,29,7.2,0.53,0.14,0.99323
0.063,11,18,5.7,0.6,0,0.99191
0.137,5,9,7.6,1.58,0,0.99476
0.08,15,28,5.2,0.645,0,0.99444
0.1,20,57,6.7,0.86,0.07,0.99598
0.064,4,15,9.1,0.37,0.32,0.99576
0.081,28,68,8,0.28,0.44,0.99501
0.087,21,68,7.6,0.79,0.21,0.9955
0.073,24,88,7.5,0.61,0.26,0.99612
0.088,22,91,9.7,0.69,0.32,0.9979
0.068,15,29,6.8,0.68,0.09,0.99524
0.088,22,91,9.7,0.69,0.32,0.9979
0.071,27,63,7,0.62,0.1,0.996
0.073,24,88,7.5,0.61,0.26,0.99612
0.064,12,27,6.5,0.51,0.15,0.9929
0.083,14,41,8,1.18,0.21,0.99532
0.086,20,65,7,0.36,0.21,0.99558
0.086,24,69,7,0.36,0.21,0.99556
0.083,17,91,7.5,0.63,0.27,0.99616
0.041,16,46,5.4,0.74,0,0.99258
0.091,10,41,9.9,0.44,0.46,0.99638
0.083,17,91,7.5,0.63,0.27,0.99616
0.414,18,64,9.1,0.76,0.68,0.99652
0.094,12,88,9.7,0.66,0.34,0.99796
0.041,16,46,5,0.74,0,0.99258
0.058,9,18,9.1,0.34,0.42,0.99392
0.06,21,55,9.1,0.36,0.39,0.99495
0.077,18,34,6.7,0.46,0.24,0.9948
0.077,18,34,6.7,0.46,0.24,0.9948
0.077,18,34,6.7,0.46,0.24,0.9948
0.077,18,34,6.7,0.46,0.24,0.9948
0.073,13,38,6.5,0.52,0.11,0.9955
0.083,17,91,7.4,0.6,0.26,0.99616
0.083,17,91,7.4,0.6,0.26,0.99616
0.107,31,67,7.8,0.87,0.26,0.99668
0.075,6,25,8.4,0.39,0.1,0.99581
0.079,12,48,9.1,0.775,0.22,0.9976
0.166,4,11,7.2,0.835,0,0.99608
0.069,19,40,6.6,0.58,0.02,0.99387
0.057,15,26,6,0.5,0,0.99448
0.057,15,26,6,0.5,0,0.99448
0.057,15,26,6,0.5,0,0.99448
0.084,13,31,7.5,0.51,0.02,0.99538
0.084,13,31,7.5,0.51,0.02,0.99538
0.084,13,31,7.5,0.51,0.02,0.99538
0.085,17,31,7.6,0.54,0.02,0.99589
0.084,13,31,7.5,0.51,0.02,0.99538
0.077,8,20,11.5,0.42,0.48,0.99852
0.063,10,28,8.2,0.44,0.24,0.99613
0.056,5,13,6.1,0.59,0.01,0.99472
0.078,7,12,7.2,0.655,0.03,0.99587
0.078,7,12,7.2,0.655,0.03,0.99587
0.081,21,41,6.9,0.57,0,0.99518
0.069,32,73,9,0.6,0.29,0.99654
0.065,8,46,7.2,0.62,0.01,0.99332
0.086,14,57,7.6,0.645,0.03,0.9969
0.086,14,57,7.6,0.645,0.03,0.9969
0.077,7,28,7.2,0.58,0.03,0.99568
0.086,5,32,6.1,0.32,0.25,0.99464
0.084,4,28,6.1,0.34,0.25,0.99464
0.078,27,67,7.3,0.43,0.24,0.99648
0.168,52,98,7.4,0.64,0.17,0.99736
0.091,6,28,11.6,0.475,0.4,0.99704
0.112,11,38,9.2,0.54,0.31,0.99699
0.093,13,54,8.3,0.85,0.14,0.99724
0.091,6,28,11.6,0.475,0.4,0.99704
0.08,11,63,8,0.83,0.27,0.99652
0.096,10,31,7.2,0.605,0.02,0.995
0.115,10,42,7.8,0.5,0.09,0.9971
0.094,10,45,7.3,0.74,0.08,0.99576
0.088,9,105,6.9,0.54,0.3,0.99725
0.079,16,74,8,0.77,0.32,0.99656
0.069,4,8,6.6,0.61,0,0.99396
0.415,12,66,8.7,0.78,0.51,0.99623
0.153,5,14,7.5,0.58,0.56,0.99476
0.415,12,66,8.7,0.78,0.51,0.99623
0.11,34,89,7.7,0.75,0.27,0.99664
0.267,16,29,6.8,0.815,0,0.99471
0.083,13,100,7.2,0.56,0.26,0.99586
0.086,7,31,8.2,0.885,0.2,0.9946
0.09,23,74,5.2,0.49,0.26,0.9953
0.078,10,28,7.2,0.45,0.15,0.99609
0.077,11,35,7.5,0.57,0.02,0.99557
0.077,11,35,7.5,0.57,0.02,0.99557
0.074,4,25,6.8,0.83,0.09,0.99534
0.08,25,105,8,0.6,0.22,0.99613
0.08,25,105,8,0.6,0.22,0.99613
0.107,20,84,7.1,0.755,0.15,0.99593
0.076,34,85,8,0.81,0.25,0.99668
0.1,8,23,7.4,0.64,0.07,0.9961
0.1,8,23,7.4,0.64,0.07,0.9961
0.083,7,49,6.6,0.64,0.31,0.99718
0.08,36,111,6.7,0.48,0.02,0.99524
0.068,15,33,6,0.49,0,0.99292
0.094,5,33,8,0.64,0.22,0.99612
0.07,5,12,7.1,0.62,0.06,0.9942
0.078,19,59,8,0.52,0.25,0.99612
0.07,27,73,6.4,0.57,0.14,0.99669
0.092,3,12,8.6,0.685,0.1,0.99745
0.09,4,11,8.7,0.675,0.1,0.99745
0.08,17,104,7.3,0.59,0.26,0.99584
0.083,13,28,7,0.6,0.12,0.9966
0.068,10,24,7.2,0.67,0,0.9956
0.08,33,141,7.9,0.69,0.21,0.9962
0.08,33,141,7.9,0.69,0.21,0.9962
0.052,6,24,7.6,0.3,0.42,0.9963
0.061,3,13,7.2,0.33,0.33,0.996
0.082,12,46,8,0.5,0.39,0.9985
0.062,18,34,7.7,0.28,0.3,0.9952
0.062,8,22,8.2,0.24,0.34,0.9974
0.064,40,54,6,0.51,0,0.995
0.048,35,53,8.1,0.29,0.36,0.995
0.064,40,54,6,0.51,0,0.995
0.082,5,16,6.6,0.96,0,0.9936
0.071,8,19,6.4,0.47,0.4,0.9963
0.062,8,22,8.2,0.24,0.34,0.9974
0.104,12,89,9.9,0.57,0.25,0.9963
0.077,3,15,10,0.32,0.59,0.9994
0.065,8,18,6.2,0.58,0,0.9966
0.077,3,15,10,0.32,0.59,0.9994
0.064,21,37,7.3,0.34,0.33,0.9952
0.077,3,19,7.8,0.53,0.01,0.995
0.077,32,133,7.7,0.64,0.21,0.9956
0.077,3,19,7.8,0.53,0.01,0.995
0.079,24,58,7.5,0.4,0.18,0.9965
0.079,39,55,7,0.54,0,0.9956
0.123,14,31,6.4,0.53,0.09,0.9968
0.076,8,23,8.3,0.26,0.37,0.9974
0.076,8,23,8.3,0.26,0.37,0.9974
0.046,23,60,7.7,0.23,0.37,0.9971
0.078,6,23,7.6,0.41,0.33,0.9957
0.072,27,55,7.8,0.64,0,0.9962
0.049,38,67,7.9,0.18,0.4,0.996
0.066,18,47,7.4,0.41,0.24,0.9956
0.069,13,74,7.6,0.43,0.31,0.9958
0.042,3,11,5.9,0.44,0,0.9944
0.069,11,25,6.1,0.4,0.16,0.9955
0.214,55,95,10.2,0.54,0.37,1.00369
0.214,55,95,10.2,0.54,0.37,1.00369
0.169,27,90,10,0.38,0.38,0.99914
0.07,15,39,6.8,0.915,0.29,0.99577
0.052,3,8,7,0.59,0,0.996
0.072,31,92,7.3,0.67,0.02,0.99566
0.062,15,28,7.2,0.37,0.32,0.9947
0.094,19,98,7.4,0.785,0.19,0.99713
0.078,18,30,6.9,0.63,0.02,0.99712
0.058,8,22,6.9,0.58,0.2,0.99322
0.072,31,92,7.3,0.67,0.02,0.99566
0.094,19,98,7.4,0.785,0.19,0.99713
0.078,18,30,6.9,0.63,0.02,0.99712
0.08,22,39,6.8,0.67,0,0.99701
0.08,40,54,6.9,0.58,0.01,0.99683
0.056,15,29,7.2,0.38,0.31,0.99472
0.062,15,28,7.2,0.37,0.32,0.9947
0.104,8,17,7.8,0.32,0.44,0.99732
0.062,37,53,6.6,0.58,0.02,0.99374
0.074,27,85,7.6,0.49,0.33,0.99706
0.073,7,23,11.7,0.45,0.63,0.99974
0.052,9,17,6.5,0.9,0,0.99467
0.05,38,89,6,0.54,0.06,0.99236
0.074,27,85,7.6,0.49,0.33,0.99706
0.067,8,20,8.4,0.29,0.4,0.99603
0.054,7,15,7.9,0.2,0.35,0.99458
0.054,34,64,6.4,0.42,0.09,0.99724
0.06,6,13,6.2,0.785,0,0.99664
0.075,14,31,6.8,0.64,0.03,0.99545
0.076,14,39,6.9,0.63,0.01,0.99522
0.063,34,53,6.8,0.59,0.1,0.9958
0.063,34,53,6.8,0.59,0.1,0.9958
0.062,31,54,7.3,0.48,0.32,0.99728
0.067,19,32,6.7,1.04,0.08,0.99648
0.062,31,54,7.3,0.48,0.32,0.99728
0.061,20,49,7.3,0.98,0.05,0.99705
0.084,8,24,10,0.69,0.11,0.99578
0.067,8,16,6.7,0.7,0.08,0.99334
0.073,23,44,7.6,0.35,0.6,0.99656
0.071,14,45,6.1,0.6,0.08,0.99336
0.205,48,82,9.9,0.5,0.5,1.00242
0.048,16,89,5.3,0.47,0.11,0.99182
0.205,48,82,9.9,0.5,0.5,1.00242
0.048,16,89,5.3,0.47,0.11,0.99182
0.082,3,14,7.1,0.875,0.05,0.99808
0.104,10,22,8.2,0.28,0.6,0.99828
0.08,6,13,5.6,0.62,0.03,0.99498
0.104,10,22,8.2,0.28,0.6,0.99828
0.114,3,9,7.2,0.58,0.54,0.99719
0.042,6,12,8.1,0.33,0.44,0.99542
0.06,4,11,6.8,0.91,0.06,0.99592
0.074,8,25,7,0.655,0.16,0.99606
0.07,9,23,6.8,0.68,0.21,0.99546
0.066,9,17,6,0.64,0.05,0.99496
0.049,5,13,5.6,0.54,0.04,0.9942
0.048,4,11,6.2,0.57,0.1,0.99448
0.039,8,18,7.1,0.22,0.49,0.99344
0.049,5,13,5.6,0.54,0.04,0.9942
0.05,6,18,6.2,0.65,0.06,0.99348
0.089,23,147,7.7,0.54,0.26,0.99636
0.066,15,28,6.4,0.31,0.09,0.99459
0.08,15,28,7,0.43,0.02,0.99492
0.089,23,147,7.7,0.54,0.26,0.99636
0.054,7,16,6.9,0.74,0.03,0.99508
0.068,7,13,6.6,0.895,0.04,0.99582
0.054,7,16,6.9,0.74,0.03,0.99508
0.076,8,15,7.5,0.725,0.04,0.99508
0.083,21,64,7.8,0.82,0.29,0.99642
0.078,15,60,7.3,0.585,0.18,0.99638
0.077,6,14,6.2,0.44,0.39,0.99555
0.106,5,12,7.5,0.38,0.57,0.99605
0.078,6,12,6.7,0.76,0.02,0.996
0.07,6,14,6.8,0.81,0.05,0.99562
0.106,5,12,7.5,0.38,0.57,0.99605
0.074,17,25,7.1,0.27,0.6,0.99814
0.062,7,20,7.9,0.18,0.4,0.9941
0.047,26,48,6.4,0.36,0.21,0.99661
0.068,19,27,7.1,0.69,0.04,0.99712
0.061,11,17,6.4,0.79,0.04,0.99588
0.078,17,65,6.4,0.56,0.15,0.99294
0.074,16,65,6.9,0.84,0.21,0.99842
0.074,16,65,6.9,0.84,0.21,0.99842
0.071,23,58,6.1,0.32,0.25,0.99633
0.063,29,44,6.5,0.53,0.06,0.99489
0.114,7,20,7.4,0.47,0.46,0.99647
0.106,14,27,6.6,0.7,0.08,0.99665
0.063,29,44,6.5,0.53,0.06,0.99489
0.082,9,23,6.9,0.48,0.2,0.99585
0.071,23,58,6.1,0.32,0.25,0.99633
0.076,29,61,6.8,0.48,0.25,0.9953
0.075,22,47,6,0.42,0.19,0.99522
0.064,18,34,6.7,0.48,0.08,0.99552
0.064,18,38,6.8,0.47,0.08,0.99553
0.071,15,24,7.1,0.53,0.07,0.9951
0.096,21,59,7.9,0.29,0.49,0.99714
0.063,42,52,7.1,0.69,0.08,0.99608
0.063,9,18,6.6,0.44,0.09,0.99444
0.081,13,28,6.1,0.705,0.1,0.99631
0.058,18,22,7.2,0.53,0.13,0.99573
0.074,32,84,8,0.39,0.3,0.99717
0.064,13,29,6.6,0.56,0.14,0.99397
0.075,15,35,7,0.55,0.13,0.9959
0.077,24,45,6.1,0.53,0.08,0.99528
0.059,20,31,5.4,0.58,0.08,0.99484
0.081,15,26,6.2,0.64,0.09,0.99538
0.065,34,60,7.2,0.39,0.32,0.99714
0.071,11,32,6.2,0.52,0.08,0.99646
0.054,19,49,7.4,0.25,0.29,0.99666
0.064,29,38,6.7,0.855,0.02,0.99472
0.064,14,19,11.1,0.44,0.42,0.99758
0.063,12,19,8.4,0.37,0.43,0.9955
0.059,16,28,6.5,0.63,0.33,0.99531
0.072,17,26,7,0.57,0.02,0.99575
0.048,12,26,6.3,0.6,0.1,0.99306
0.099,19,50,11.2,0.4,0.5,0.99783
0.074,17,24,7.4,0.36,0.3,0.99419
0.087,17,26,7.1,0.68,0,0.99783
0.083,18,27,7.1,0.67,0,0.99768
0.103,32,54,6.3,0.68,0.01,0.99586
0.08,18,28,7.3,0.735,0,0.99765
0.062,15,23,6.6,0.855,0.02,0.99627
0.065,15,24,7,0.56,0.17,0.99514
0.066,12,20,6.6,0.88,0.04,0.99636
0.062,15,23,6.6,0.855,0.02,0.99627
0.235,66,115,6.9,0.63,0.33,0.99787
0.08,31,131,7.8,0.6,0.26,0.99622
0.08,31,131,7.8,0.6,0.26,0.99622
0.08,31,131,7.8,0.6,0.26,0.99622
0.076,12,20,7.2,0.695,0.13,0.99546
0.076,12,20,7.2,0.695,0.13,0.99546
0.076,12,20,7.2,0.695,0.13,0.99546
0.061,26,42,6.7,0.67,0.02,0.99489
0.059,24,52,6.7,0.16,0.64,0.99494
0.076,12,20,7.2,0.695,0.13,0.99546
0.077,25,42,7,0.56,0.13,0.99629
0.056,15,34,6.2,0.51,0.14,0.99396
0.23,19,35,6.4,0.36,0.53,0.9934
0.038,15,25,6.4,0.38,0.14,0.99514
0.069,35,104,7.3,0.69,0.32,0.99632
0.075,15,50,6,0.58,0.2,0.99467
0.074,23,92,5.6,0.31,0.78,0.99677
0.06,12,20,7.5,0.52,0.4,0.99474
0.081,16,29,8,0.3,0.63,0.99588
0.076,13,27,6.2,0.7,0.15,0.99622
0.118,13,20,6.8,0.67,0.15,0.9954
0.053,24,32,6.2,0.56,0.09,0.99402
0.068,9,26,7.4,0.35,0.33,0.9947
0.053,24,32,6.2,0.56,0.09,0.99402
0.053,13,27,6.1,0.715,0.1,0.99362
0.074,32,98,6.2,0.46,0.29,0.99578
0.061,24,34,6.7,0.32,0.44,0.99484
0.066,22,48,7.2,0.39,0.44,0.99494
0.065,34,60,7.5,0.31,0.41,0.99492
0.066,18,28,5.8,0.61,0.11,0.99483
0.068,34,102,7.2,0.66,0.33,0.99414
0.073,29,79,6.6,0.725,0.2,0.9977
0.077,26,35,6.3,0.55,0.15,0.99314
0.089,16,26,5.4,0.74,0.09,0.99402
0.076,29,40,6.3,0.51,0.13,0.99574
0.068,28,38,6.8,0.62,0.08,0.99651
0.09,32,44,6.2,0.6,0.08,0.9949
0.062,39,51,5.9,0.55,0.1,0.99512
0.076,29,40,6.3,0.51,0.13,0.99574
0.075,32,44,5.9,0.645,0.12,0.99547
0.067,18,42,6,0.31,0.47,0.99549
